modelo,carga,rep,syscalls,erros,distintas,clones,execve,tempo_sys_s
dt,0,1,0,0,0,0,0,0.0
dt,1,1,0,0,0,0,0,0.0
dt,100,1,0,0,0,0,0,0.0
dt,1000,1,0,0,0,0,0,0.0
nb,0,1,0,0,0,0,0,0.0
nb,1,1,0,0,0,0,0,0.0
nb,100,1,0,0,0,0,0,0.0
nb,1000,1,0,0,0,0,0,0.0
nn,0,1,0,0,0,0,0,0.0
nn,1,1,0,0,0,0,0,0.0
nn,100,1,0,0,0,0,0,0.0
nn,1000,1,0,0,0,0,0,0.0
dt,0,2,0,0,0,0,0,0.0
dt,1,2,0,0,0,0,0,0.0
dt,100,2,0,0,0,0,0,0.0
dt,1000,2,0,0,0,0,0,0.0
nb,0,2,0,0,0,0,0,0.0
nb,1,2,0,0,0,0,0,0.0
nb,100,2,0,0,0,0,0,0.0
nb,1000,2,0,0,0,0,0,0.0
nn,0,2,0,0,0,0,0,0.0
nn,1,2,0,0,0,0,0,0.0
nn,100,2,0,0,0,0,0,0.0
nn,1000,2,0,0,0,0,0,0.0
dt,0,3,0,0,0,0,0,0.0
dt,1,3,0,0,0,0,0,0.0
dt,100,3,0,0,0,0,0,0.0
dt,1000,3,0,0,0,0,0,0.0
nb,0,3,0,0,0,0,0,0.0
nb,1,3,0,0,0,0,0,0.0
nb,100,3,0,0,0,0,0,0.0
nb,1000,3,0,0,0,0,0,0.0
nn,0,3,0,0,0,0,0,0.0
nn,1,3,0,0,0,0,0,0.0
nn,100,3,0,0,0,0,0,0.0
nn,1000,3,0,0,0,0,0,0.0
